file_name,text
line_001.jpg,Today showed me that even difficult days teach strength and resilience.
line_002.jpg,"I appreciated the little things today, like a kind word or a simple smile."
line_003.jpg,"The day wasn't perfect, but I found small reasons to smile, and it was still worthwhile."
line_004.jpg,I had a meaningful conversation on how important it is to listen and understand others.
line_005.jpg,I laughed more than I expected today.
line_006.jpg,I found comfort in my favorite music too.
line_007.jpg,"I also spent some time alone today, reflecting how far I've already come."
line_008.jpg,I had a quiet moment today that made me realize how much I needed peace and rest.
line_009.jpg,"So, I allowed myself to rest without feeling guilty, and it helped me feel more balanced."
line_010.jpg,"I realized that it's okay not to have everything figured out, as long as I keep moving."
line_011.jpg,I noticed how much I've grown emotionally compared to before.
line_012.jpg,"Although I still struggle, I am also more hopeful."
line_013.jpg,I chose to stay positive despite everything.
line_014.jpg,"Although sometimes I felt a little lost, I still found a way back."
line_015.jpg,I spent part of the day thinking how I can become a better version of myself.
line_016.jpg,"Even though I made mistakes, I learned from them instead of being too hard on myself."
line_017.jpg,I tried to focus on what truly matters and let go of unnecessary worries.
line_018.jpg,"I was reminded today that progress doesn't have to be perfect, it just has to be real."
line_019.jpg,"There were times I wanted to give up, but I chose to keep going and finish what I started."
line_020.jpg,I learned to let go of worries that I cannot control and focus on what I can improve.
line_021.jpg,"I struggled with some decisions sometimes, but I trusted my instincts and chose what felt right."
line_022.jpg,"There were challenges, but I handled them better than I expected."
line_023.jpg,"I felt overwhelmed at times, but I slowly managed everything, one step at a time."
line_024.jpg,It came to me that I wished I had handled some things differently.
line_025.jpg,"Yes, I did feel discouraged at times, but I am thankful to still have the strength to move on."
line_026.jpg,"God is so good to me for not leaving me, especially in times of difficulty."
line_027.jpg,God's grace of endurance helps me face and end each day with peace.
line_028.jpg,I have to remind myself that every tomorrow is a chance to grow and do better with the help of God.
line_029.jpg,Aking napagtanto na kahit mahihirap na araw ay nagtuturo rin sa atin ng lakas at katatagan.
line_030.jpg,"Pinahalagahan ko ang maliliit na bagay ngayon, gaya ng magandang pagbati o simpleng ngiti."
line_031.jpg,"Hindi man perpekto ang araw na ito, nakahanap pa rin ako ng maliliit na dahilan para ngumiti."
line_032.jpg,Nakausap ko ang isang kaibigan tungkol sa kahalagahan ng pakikinig at pag-unawa sa iba.
line_033.jpg,Parang ang saya ko ngayong araw na ito.
line_034.jpg,Gumaan ang aking pakiramdam dahil sa paborito kong musika.
line_035.jpg,"Naglaan ako ng oras para sa aking sarili, iniisip kung ano na ang mga nagawa ko."
line_036.jpg,Pinahalagahan ko ang katahimikan at kapanatagan ng loob sa araw na ito.
line_037.jpg,"Pinagpahinga ko ang aking sarili na walang guilt feeling, at ito'y nakatulong sa akin."
line_038.jpg,"Okay lang na wala pa akong kasagutan sa lahat, basta patuloy akong umuusad."
line_039.jpg,Napansin ko kung gaano na ako nag-grow emotionally kumpara dati.
line_040.jpg,"Kahit na nahihirapan ako, mas may pananaw pa rin ako na puno ng pag-asa."
line_041.jpg,Pinili kong manatiling positibo sa kabila ng lahat.
line_042.jpg,"Kahit minsan pakiramdam ko ay naliligaw ako, nakahanap pa rin ako ng paraan para makabalik."
line_043.jpg,Naglaan ako ng oras ngayon para isipin kung paano ako magiging mas mabuting version ng aking sarili.
line_044.jpg,"Kahit nagkamali ako, natuto naman ako mula sa mga pagkakamaling ito."
line_045.jpg,Sinubukan kong mag-focus sa kung ano ang mahalaga at hindi inalintana ang mga hindi mahalaga.
line_046.jpg,"Naalala ko ngayon na ang pagbabago ay hindi kailangang perpekto, basta ito'y totoo."
line_047.jpg,"May mga pagkakataong gusto ko nang sumuko, pero pinili kong magpatuloy at tapusin ang nasimulan."
line_048.jpg,Natuto akong pakawalan ang mga bagay na hindi ko kontrolado.
line_049.jpg,"Nahihirapan man ako minsan sa mga desisyon, nagtiwala ako sa aking sarili at pinili kung ano ang tama."
line_050.jpg,"May mga hamon, pero mas maayos ko silang hinarap kaysa sa inaasahan ko."
line_051.jpg,"May mga pagkakataong nabigatan ako, pero unti-unti kong kinaya ang lahat."
line_052.jpg,"Oo, may mga sandaling pinanghinaan ako ng loob, pero salamat sa Diyos at ako'y hindi sumuko."
line_053.jpg,"Napakabuti ng Diyos sa akin, lalo na sa hindi Niya pag-iwan sa akin sa mga oras ng kahirapan."
line_054.jpg,Ang biyaya ng Diyos ang nagbibigay sa akin ng tibay ng loob araw-araw.
line_055.jpg,Ang bawat umaga ay isang pagkakataon para umunlad at mas mapabuti pa sa tulong ng Diyos.
line_056.jpg,"Some things didn't go my way today, but I trust na may reason lahat."
line_057.jpg,"Little wins today, and honestly, that's enough for me."
line_058.jpg,I chose to stay optimistic kahit hindi madali.
line_059.jpg,"May times na doubtful ako, pero deep inside, I still believe na kaya ko."
line_060.jpg,"Napagod ako today, but I know I did my best."
line_061.jpg,"Smiling outside, pero nahihirapan deep within. Nakaka-proud ka self."
line_062.jpg,"Some wounds don't show, but they hurt just as much."
line_063.jpg,"But I keep hoping that one day, things will feel easier and lighter again."
line_064.jpg,I survived today and that's already something to be thankful for.
line_065.jpg,The sky turned orange at dusk.
line_066.jpg,She closed the book softly.
line_067.jpg,Rain tapped on the window.
line_068.jpg,He forgot his umbrella again.
line_069.jpg,The coffee grew cold quickly.
line_070.jpg,Leaves swirled on the pavement.
line_071.jpg,A candle flickered on the table.
line_072.jpg,They spoke in quiet whispers.
line_073.jpg,His laughter filled the room.
line_074.jpg,The old clock ticked loudly.
line_075.jpg,She tied her shoes twice.
line_076.jpg,Fog hid the hills softly.
line_077.jpg,He leaned on the train glass.
line_078.jpg,The kitten played with thread.
line_079.jpg,Her voice cracked a little.
line_080.jpg,Dust floated in the sunlight.
line_081.jpg,He erased the same sentence.
line_082.jpg,The bridge groaned under traffic.
line_083.jpg,She saved the last chocolate.
line_084.jpg,His hands trembled slightly.
line_085.jpg,The garden smelled like rain.
line_086.jpg,They waited in comfortable silence.
line_087.jpg,He adjusted his glasses pointlessly.
line_088.jpg,The ocean ignored the shore.
line_089.jpg,She counted ceiling cracks.
line_090.jpg,His footsteps echoed alone.
line_091.jpg,The toast burned again.
line_092.jpg,She smiled at a stranger.
line_093.jpg,He gripped a lucky coin.
line_094.jpg,The library smelled of dust.
line_095.jpg,She peeled an orange carefully.
line_096.jpg,He waved from across the street.
line_097.jpg,The dog rested its head.
line_098.jpg,She rearranged her books again.
line_099.jpg,He stared into the fridge.
line_100.jpg,The first star appeared quietly.
line_101.jpg,She drew a heart on steam.
line_102.jpg,He left a single flower.
line_103.jpg,The highway stretched ahead grayly.
line_104.jpg,She laughed until she cried.
line_105.jpg,He checked his watch unnecessarily.
line_106.jpg,Wind carried distant church bells.
line_107.jpg,She pushed food around her plate.
line_108.jpg,His reflection looked like a stranger.
line_109.jpg,The kettle whistled sharply.
line_110.jpg,She kept an old ticket stub.
line_111.jpg,He nodded without listening.
line_112.jpg,The stairs creaked beneath her.
line_113.jpg,She watered a dying plant.
line_114.jpg,His sentences trailed off.
line_115.jpg,The carpet showed ghostly outlines.
line_116.jpg,She bit her lip hard.
line_117.jpg,He saved her voicemail message.
line_118.jpg,Snow melted on warm ground.
line_119.jpg,She pretended not to be lost.
line_120.jpg,His yawn spread through the room.
line_121.jpg,The photograph had faded completely.
line_122.jpg,She tapped a silent rhythm.
line_123.jpg,He left the key under the mat.
line_124.jpg,The train left without goodbye.
line_125.jpg,She let music fill her.
line_126.jpg,His shoes were strangely soaked.
line_127.jpg,The empty chair felt loud.
line_128.jpg,She underlined one sentence forever.
line_129.jpg,He drank regretfully cold coffee.
line_130.jpg,The streetlamp flickered unevenly.
line_131.jpg,She counted days on her fingers.
line_132.jpg,His silence was very heavy.
line_133.jpg,A moth tapped on the light.
line_134.jpg,She fell asleep before the alarm.
line_135.png,Every sunrise is a new chance to begin again.
line_136.png,Ang bawat umaga ay pagkakataong bumangon at magsimula muli.
line_137.png,Small steps today create big results tomorrow.
line_138.png,Ang maliliit na hakbang ngayon ay nagiging malaking tagumpay bukas.
line_139.png,Gratitude turns ordinary moments into blessings.
line_140.png,Ang pasasalamat ay nagbibigay halaga sa mga simpleng bagay.
line_141.png,Hard times reveal hidden strengths.
line_142.png,Ang pagsubok ay nagpapakita ng tunay na tibay ng loob.
line_143.png,Never underestimate the power of persistence.
line_144.png,Huwag maliitin ang kapangyarihan ng pagtitiyaga.
line_145.png,Kind words can change someone's day.
line_146.png,Ang mabuting salita ay kayang magpagaan ng damdamin.
line_147.png,Success is built one effort at a time.
line_148.png,Ang tagumpay ay bunga ng paulit-ulit na pagsisikap.
line_149.png,"Stay focused on progress, not perfection."
line_150.png,"Ituon ang pansin sa pag-unlad, hindi sa pagiging perpekto."
line_151.png,Challenges are opportunities in disguise.
line_152.png,Ang mga hamon ay mga pagkakataong nakatago lamang.
line_153.png,Your courage grows every time you try.
line_154.png,Lumalakas ang iyong loob sa bawat pagtatangka.
line_155.png,Happiness often starts with gratitude.
line_156.png,Madalas nagsisimula ang kaligayahan sa pasasalamat.
line_157.png,Keep moving even when the road is difficult.
line_158.png,Magpatuloy kahit mahirap ang daan.
line_159.png,Kindness costs nothing but means everything.
line_160.png,Walang halaga ang kabaitan ngunit napakahalaga nito.
line_161.png,Every mistake teaches a valuable lesson.
line_162.png,Ang bawat pagkakamali ay may mahalagang aral.
line_163.png,Strength is not the absence of struggle.
line_164.png,Ang lakas ay hindi kawalan ng problema.
line_165.png,Believe in your ability to overcome obstacles.
line_166.png,Maniwala sa kakayahan mong malampasan ang mga hadlang.
line_167.png,Patience helps dreams grow.
line_168.png,Ang pasensya ang tumutulong sa mga pangarap na umusbong.
line_169.png,Resilience is choosing to rise again.
line_170.png,Ang katatagan ay ang pagpiling bumangon muli.
line_171.png,A grateful heart attracts peace.
line_172.png,Ang pusong marunong magpasalamat ay nakatatagpo ng kapayapaan.
line_173.png,Growth happens outside your comfort zone.
line_174.png,Ang pag-unlad ay nangyayari sa labas ng iyong nakasanayan.
line_175.png,Humility keeps success meaningful.
line_176.png,Ang kababaang-loob ang nagbibigay saysay sa tagumpay.
line_177.png,"Every effort matters, even unseen ones."
line_178.png,Mahalaga ang bawat pagsisikap kahit hindi napapansin.
line_179.png,Hope shines brightest during dark times.
line_180.png,Ang pag-asa ay mas nagniningning sa gitna ng dilim.
line_181.png,Your journey is unique and valuable.
line_182.png,Ang iyong paglalakbay ay natatangi at mahalaga.
line_183.png,Strong roots help trees survive storms.
line_184.png,Ang matibay na pundasyon ang tumutulong sa pagharap sa unos.
line_185.png,Learn from yesterday and work for tomorrow.
line_186.png,Matuto sa kahapon at kumilos para sa bukas.
line_187.png,Kindness leaves a lasting legacy.
line_188.png,Ang kabaitan ay nag-iiwan ng magandang alaala.
line_189.png,Progress is better than standing still.
line_190.png,Mas mabuti ang pag-usad kaysa manatiling nakatigil.
line_191.png,Great achievements require consistency.
line_192.png,Ang malalaking tagumpay ay nangangailangan ng pagiging tuloy-tuloy.
line_193.png,"Be thankful for lessons, not just victories."
line_194.png,Magpasalamat hindi lamang sa tagumpay kundi pati sa mga aral.
line_195.png,Difficult roads often lead to beautiful destinations.
line_196.png,Madalas na maganda ang hantungan ng mahihirap na daan.
line_197.png,Ang taong mapagkumbaba ay patuloy na natututo.
line_198.png,A humble person continues to learn.
line_199.png,Keep faith even when answers are delayed.
line_200.png,Manatiling may pananampalataya kahit mabagal ang kasagutan.
line_201.png,Resilience is stronger than fear.
line_202.png,Mas malakas ang katatagan kaysa takot.
line_203.png,Every day offers a new lesson.
line_204.png,Bawat araw ay may bagong aral na dala.
line_205.png,Gratitude makes life richer.
line_206.png,Ang pasasalamat ay nagpapayaman sa buhay.
line_207.png,Never stop improving yourself.
line_208.png,Huwag tumigil sa pagpapabuti ng sarili.
line_209.png,Your effort today shapes your future.
line_210.png,Ang pagsisikap mo ngayon ang humuhubog sa iyong kinabukasan.
line_211.png,A positive mindset creates possibilities.
line_212.png,Ang positibong pag-iisip ay lumilikha ng mga posibilidad.
line_213.png,True strength includes compassion.
line_214.png,Kasama sa tunay na lakas ang malasakit.
line_215.png,Keep your dreams alive through action.
line_216.png,Panatilihing buhay ang mga pangarap sa pamamagitan ng pagkilos.
line_217.png,Humility opens doors to wisdom.
line_218.png,Ang kababaang-loob ay nagbubukas ng pinto sa karunungan.
line_219.png,Success feels better when shared.
line_220.png,Mas masaya ang tagumpay kapag naibabahagi.
line_221.png,Every storm eventually passes.
line_222.png,Ang bawat bagyo ay lumilipas din.
line_223.png,Believe that better days are coming.
line_224.png,Maniwala na may mas magagandang araw na darating.
line_225.png,Kindness is a language everyone understands.
line_226.png,Ang kabaitan ay wikang nauunawaan ng lahat.
line_227.png,Keep going; your story is not over.
line_228.png,Magpatuloy ka; hindi pa tapos ang iyong kuwento.
line_229.png,Gratitude transforms what we have into enough.
line_230.png,Ang pasasalamat ay ginagawang sapat ang anumang mayroon tayo.
line_231.png,The strongest people keep moving forward.
line_232.png,Ang pinakamatatag na tao ay patuloy na sumusulong.
line_233.png,Life rewards those who persevere with purpose.
line_234.png,Ginagantimpalaan ng buhay ang mga taong nagtitiyaga nang may layunin.